{"cameraMode":{"drawMode":0,"name":"Shaded","section":"Shading Mode"},"sceneLighting":true,"audioPlay":false,"sceneViewState":{"m_AlwaysRefresh":false,"showFog":true,"showSkybox":true,"showFlares":true,"showImageEffects":true,"showParticleSystems":true,"showVisualEffectGraphs":true,"m_FxEnabled":true},"in2DMode":false,"pivot":{"x":396.5111083984375,"y":244.62850952148438,"z":-44.310089111328128},"rotation":{"x":0.3491755425930023,"y":-0.0008448013104498386,"z":-0.000316963269142434,"w":-0.9370601773262024},"size":91.00137329101563,"orthographic":false}